"Location","Label","Namespace","Preview"
"0010237a","","do_decode","CALL lava_get"
"00102386","","do_decode","CALL lava_get"
"00102397","","do_decode","CALL lava_get"
"001023b9","","do_decode","CALL lava_get"
"001023c5","","do_decode","CALL lava_get"
"001023d6","","do_decode","CALL lava_get"
"00102f82","","base64_decode_ctx","CALL lava_get"
"00102f8f","","base64_decode_ctx","CALL lava_get"
"00102fa0","","base64_decode_ctx","CALL lava_get"
"00102fbc","","base64_decode_ctx","CALL lava_get"
"00102fc8","","base64_decode_ctx","CALL lava_get"
"00102fd9","","base64_decode_ctx","CALL lava_get"
"00102ffa","","base64_decode_ctx","CALL lava_get"
"00103006","","base64_decode_ctx","CALL lava_get"
"00103017","","base64_decode_ctx","CALL lava_get"
"0010310b","","base64_decode_ctx","CALL lava_get"
"00103118","","base64_decode_ctx","CALL lava_get"
"00103129","","base64_decode_ctx","CALL lava_get"
"0010314b","","base64_decode_ctx","CALL lava_get"
"00103158","","base64_decode_ctx","CALL lava_get"
"00103169","","base64_decode_ctx","CALL lava_get"
"0010318b","","base64_decode_ctx","CALL lava_get"
"00103198","","base64_decode_ctx","CALL lava_get"
"001031a9","","base64_decode_ctx","CALL lava_get"
"001031c5","","base64_decode_ctx","CALL lava_get"
"001031d2","","base64_decode_ctx","CALL lava_get"
"001031e3","","base64_decode_ctx","CALL lava_get"
"00103205","","base64_decode_ctx","CALL lava_get"
"00103212","","base64_decode_ctx","CALL lava_get"
"00103223","","base64_decode_ctx","CALL lava_get"
"0010323c","","base64_decode_ctx","CALL lava_get"
"00103248","","base64_decode_ctx","CALL lava_get"
"00103259","","base64_decode_ctx","CALL lava_get"
"0010332a","","base64_decode_ctx","CALL lava_get"
"00103337","","base64_decode_ctx","CALL lava_get"
"00103348","","base64_decode_ctx","CALL lava_get"
"00103364","","base64_decode_ctx","CALL lava_get"
"00103371","","base64_decode_ctx","CALL lava_get"
"00103382","","base64_decode_ctx","CALL lava_get"
"00105972","","rpl_fclose","CALL lava_get"
"0010597e","","rpl_fclose","CALL lava_get"
"0010598f","","rpl_fclose","CALL lava_get"
"001059a7","","rpl_fclose","CALL lava_get"
"001059b3","","rpl_fclose","CALL lava_get"
"001059c4","","rpl_fclose","CALL lava_get"
"001059df","","rpl_fclose","CALL lava_get"
"001059eb","","rpl_fclose","CALL lava_get"
"001059fc","","rpl_fclose","CALL lava_get"
"00105a18","","rpl_fclose","CALL lava_get"
"00105a24","","rpl_fclose","CALL lava_get"
"00105a35","","rpl_fclose","CALL lava_get"
"00105a50","","rpl_fclose","CALL lava_get"
"00105a5c","","rpl_fclose","CALL lava_get"
"00105a6d","","rpl_fclose","CALL lava_get"
"00105a88","","rpl_fclose","CALL lava_get"
"00105a94","","rpl_fclose","CALL lava_get"
"00105aa5","","rpl_fclose","CALL lava_get"
"00105ac1","","rpl_fclose","CALL lava_get"
"00105acd","","rpl_fclose","CALL lava_get"
"00105ade","","rpl_fclose","CALL lava_get"
"00105af9","","rpl_fclose","CALL lava_get"
"00105b05","","rpl_fclose","CALL lava_get"
"00105b16","","rpl_fclose","CALL lava_get"
"00105b31","","rpl_fclose","CALL lava_get"
"00105b3d","","rpl_fclose","CALL lava_get"
"00105b4e","","rpl_fclose","CALL lava_get"
"00105b6a","","rpl_fclose","CALL lava_get"
"00105b76","","rpl_fclose","CALL lava_get"
"00105b87","","rpl_fclose","CALL lava_get"
"00105ba2","","rpl_fclose","CALL lava_get"
"00105bae","","rpl_fclose","CALL lava_get"
"00105bbf","","rpl_fclose","CALL lava_get"
"00105bdc","","rpl_fclose","CALL lava_get"
"00105be8","","rpl_fclose","CALL lava_get"
"00105bf9","","rpl_fclose","CALL lava_get"
"00105cd5","","rpl_fflush","CALL lava_get"
"00105ce1","","rpl_fflush","CALL lava_get"
"00105cf6","","rpl_fflush","CALL lava_get"
"00105d02","","rpl_fflush","CALL lava_get"
"00105d1a","","rpl_fflush","CALL lava_get"
"00105d26","","rpl_fflush","CALL lava_get"
"00105d3e","","rpl_fflush","CALL lava_get"
"00105d4a","","rpl_fflush","CALL lava_get"
"00105d62","","rpl_fflush","CALL lava_get"
"00105d6e","","rpl_fflush","CALL lava_get"
"00105d86","","rpl_fflush","CALL lava_get"
"00105d92","","rpl_fflush","CALL lava_get"
"00105daa","","rpl_fflush","CALL lava_get"
"00105db6","","rpl_fflush","CALL lava_get"
"00105dce","","rpl_fflush","CALL lava_get"
"00105dda","","rpl_fflush","CALL lava_get"
"00105dee","","rpl_fflush","CALL lava_get"
"00105dfa","","rpl_fflush","CALL lava_get"
"00105e0b","","rpl_fflush","CALL lava_get"
"00105e45","","rpl_fflush","CALL lava_get"
"00105e65","","rpl_fflush","CALL lava_get"
"00105e85","","rpl_fflush","CALL lava_get"
"00105ea5","","rpl_fflush","CALL lava_get"
"00105ec5","","rpl_fflush","CALL lava_get"
"00105ee5","","rpl_fflush","CALL lava_get"
"00105f05","","rpl_fflush","CALL lava_get"
"00105f25","","rpl_fflush","CALL lava_get"
"00105fd2","","close_stream","CALL lava_get"
"00105fdf","","close_stream","CALL lava_get"
"00105ff0","","close_stream","CALL lava_get"
"00106009","","close_stream","CALL lava_get"
"00106015","","close_stream","CALL lava_get"
"00106026","","close_stream","CALL lava_get"
"00106041","","close_stream","CALL lava_get"
"0010604d","","close_stream","CALL lava_get"
"0010605e","","close_stream","CALL lava_get"
"00106079","","close_stream","CALL lava_get"
"00106085","","close_stream","CALL lava_get"
"00106096","","close_stream","CALL lava_get"
"001060b1","","close_stream","CALL lava_get"
"001060bd","","close_stream","CALL lava_get"
"001060ce","","close_stream","CALL lava_get"
"001060ea","","close_stream","CALL lava_get"
"001060f6","","close_stream","CALL lava_get"
"00106107","","close_stream","CALL lava_get"
"00106122","","close_stream","CALL lava_get"
"0010612e","","close_stream","CALL lava_get"
"0010613f","","close_stream","CALL lava_get"
"0010615a","","close_stream","CALL lava_get"
"00106166","","close_stream","CALL lava_get"
"00106177","","close_stream","CALL lava_get"
"00106193","","close_stream","CALL lava_get"
"0010619f","","close_stream","CALL lava_get"
"001061b0","","close_stream","CALL lava_get"
"001061cb","","close_stream","CALL lava_get"
"001061d7","","close_stream","CALL lava_get"
"001061e8","","close_stream","CALL lava_get"
"00106203","","close_stream","CALL lava_get"
"0010620f","","close_stream","CALL lava_get"
"00106220","","close_stream","CALL lava_get"
"0010623c","","close_stream","CALL lava_get"
"00106248","","close_stream","CALL lava_get"
"00106259","","close_stream","CALL lava_get"
"00106274","","close_stream","CALL lava_get"
"00106280","","close_stream","CALL lava_get"
"00106291","","close_stream","CALL lava_get"
"001062ae","","close_stream","CALL lava_get"
"001062ba","","close_stream","CALL lava_get"
"001062cb","","close_stream","CALL lava_get"
